algorithm,input_type,n,trial,seed,time_ns,max_depth,comparisons,swaps,recursive_calls,distance_evaluations
MergeSort,random,100,1,20270103,21800,4,657,0,15,0
QuickSort,random,100,1,20270103,34900,4,664,449,19,0
DeterministicSelect,random,100,1,20270103,14800,6,632,259,17,0
ClosestPair,random,100,1,20270103,90600,7,1906,0,71,134
QuickSort,random,100,2,20270104,49900,4,636,416,20,0
DeterministicSelect,random,100,2,20270104,14800,6,736,286,21,0
ClosestPair,random,100,2,20270104,88700,7,1868,0,71,122
MergeSort,random,100,2,20270104,13100,4,663,0,15,0
DeterministicSelect,random,100,3,20270105,9800,5,641,256,17,0
ClosestPair,random,100,3,20270105,64800,7,1873,0,71,123
MergeSort,random,100,3,20270105,13700,4,647,0,15,0
QuickSort,random,100,3,20270105,50700,3,753,478,21,0
ClosestPair,random,100,4,20270106,90100,7,1872,0,71,126
MergeSort,random,100,4,20270106,14000,4,651,0,15,0
QuickSort,random,100,4,20270106,26400,3,707,428,19,0
DeterministicSelect,random,100,4,20270106,10600,6,666,269,20,0
MergeSort,random,100,5,20270107,13100,4,642,0,15,0
QuickSort,random,100,5,20270107,11800,4,733,387,19,0
DeterministicSelect,random,100,5,20270107,8800,6,627,259,18,0
ClosestPair,random,100,5,20270107,64000,7,1892,0,71,130
QuickSort,sorted,100,1,20270103,11200,4,669,336,20,0
DeterministicSelect,sorted,100,1,20270103,7900,6,505,262,21,0
ClosestPair,sorted,100,1,20270103,27100,7,1466,0,71,134
MergeSort,sorted,100,1,20270103,8800,4,244,0,15,0
DeterministicSelect,sorted,100,2,20270104,8200,6,505,262,21,0
ClosestPair,sorted,100,2,20270104,25800,7,1428,0,71,122
MergeSort,sorted,100,2,20270104,8600,4,244,0,15,0
QuickSort,sorted,100,2,20270104,19600,4,700,388,21,0
ClosestPair,sorted,100,3,20270105,49400,7,1438,0,71,123
MergeSort,sorted,100,3,20270105,9900,4,244,0,15,0
QuickSort,sorted,100,3,20270105,19200,4,678,356,19,0
DeterministicSelect,sorted,100,3,20270105,8700,6,505,262,21,0
MergeSort,sorted,100,4,20270106,8800,4,244,0,15,0
QuickSort,sorted,100,4,20270106,6700,4,740,292,18,0
DeterministicSelect,sorted,100,4,20270106,8100,6,505,262,21,0
ClosestPair,sorted,100,4,20270106,26800,7,1434,0,71,126
QuickSort,sorted,100,5,20270107,8800,4,779,340,20,0
DeterministicSelect,sorted,100,5,20270107,7700,6,505,262,21,0
ClosestPair,sorted,100,5,20270107,37000,7,1446,0,71,130
MergeSort,sorted,100,5,20270107,8600,4,244,0,15,0
DeterministicSelect,reverse,100,1,20270103,29300,5,650,256,18,0
ClosestPair,reverse,100,1,20270103,33400,7,1466,0,71,134
MergeSort,reverse,100,1,20270103,10200,4,724,0,15,0
QuickSort,reverse,100,1,20270103,8900,4,717,370,19,0
ClosestPair,reverse,100,2,20270104,31100,7,1428,0,71,122
MergeSort,reverse,100,2,20270104,10800,4,724,0,15,0
QuickSort,reverse,100,2,20270104,8900,4,689,384,19,0
DeterministicSelect,reverse,100,2,20270104,17000,5,650,256,18,0
MergeSort,reverse,100,3,20270105,9600,4,724,0,15,0
QuickSort,reverse,100,3,20270105,6700,4,661,294,20,0
DeterministicSelect,reverse,100,3,20270105,7100,5,650,256,18,0
ClosestPair,reverse,100,3,20270105,26700,7,1438,0,71,123
QuickSort,reverse,100,4,20270106,7600,4,714,378,19,0
DeterministicSelect,reverse,100,4,20270106,7900,5,650,256,18,0
ClosestPair,reverse,100,4,20270106,28200,7,1434,0,71,126
MergeSort,reverse,100,4,20270106,12700,4,724,0,15,0
DeterministicSelect,reverse,100,5,20270107,41500,5,650,256,18,0
ClosestPair,reverse,100,5,20270107,30300,7,1446,0,71,130
MergeSort,reverse,100,5,20270107,4100,4,724,0,15,0
QuickSort,reverse,100,5,20270107,7800,4,790,424,17,0
ClosestPair,duplicates,100,1,20270103,57300,7,2085,0,71,92
MergeSort,duplicates,100,1,20270103,5200,4,609,0,15,0
QuickSort,duplicates,100,1,20270103,3000,2,294,181,3,0
DeterministicSelect,duplicates,100,1,20270103,4100,3,308,113,3,0
MergeSort,duplicates,100,2,20270104,4500,4,540,0,15,0
QuickSort,duplicates,100,2,20270104,2600,2,288,179,2,0
DeterministicSelect,duplicates,100,2,20270104,4300,4,325,122,6,0
ClosestPair,duplicates,100,2,20270104,57200,7,2114,0,71,92
QuickSort,duplicates,100,3,20270105,2800,2,298,190,3,0
DeterministicSelect,duplicates,100,3,20270105,4000,3,297,113,3,0
ClosestPair,duplicates,100,3,20270105,57500,7,2136,0,71,95
MergeSort,duplicates,100,3,20270105,5200,4,627,0,15,0
DeterministicSelect,duplicates,100,4,20270106,3900,3,303,118,3,0
ClosestPair,duplicates,100,4,20270106,57100,7,2149,0,71,96
MergeSort,duplicates,100,4,20270106,4700,4,615,0,15,0
QuickSort,duplicates,100,4,20270106,2700,2,278,177,3,0
ClosestPair,duplicates,100,5,20270107,52600,7,2102,0,71,93
MergeSort,duplicates,100,5,20270107,4700,4,650,0,15,0
QuickSort,duplicates,100,5,20270107,2600,3,266,165,3,0
DeterministicSelect,duplicates,100,5,20270107,3900,3,309,102,3,0
QuickSort,random,1000,1,20361003,69700,6,11116,7935,198,0
DeterministicSelect,random,1000,1,20361003,32200,9,7702,3213,75,0
ClosestPair,random,1000,1,20361003,560600,10,30324,0,975,1099
MergeSort,random,1000,1,20361003,56300,7,10337,0,127,0
DeterministicSelect,random,1000,2,20361004,27800,9,7109,2966,61,0
ClosestPair,random,1000,2,20361004,517900,10,30483,0,975,1117
MergeSort,random,1000,2,20361004,115100,7,10419,0,127,0
QuickSort,random,1000,2,20361004,67900,6,10890,7211,202,0
ClosestPair,random,1000,3,20361005,881500,10,30304,0,975,1112
MergeSort,random,1000,3,20361005,55100,7,10348,0,127,0
QuickSort,random,1000,3,20361005,61400,6,11848,8324,209,0
DeterministicSelect,random,1000,3,20361005,29400,9,7470,3137,74,0
MergeSort,random,1000,4,20361006,69200,7,10492,0,127,0
QuickSort,random,1000,4,20361006,58700,6,12511,8982,199,0
DeterministicSelect,random,1000,4,20361006,30500,9,7756,3262,83,0
ClosestPair,random,1000,4,20361006,855300,10,30662,0,975,1130
QuickSort,random,1000,5,20361007,179700,6,12461,8376,195,0
DeterministicSelect,random,1000,5,20361007,43500,9,7793,3249,88,0
ClosestPair,random,1000,5,20361007,898300,10,30541,0,975,1131
MergeSort,random,1000,5,20361007,99200,7,10216,0,127,0
DeterministicSelect,sorted,1000,1,20361003,17100,8,5528,2947,70,0
ClosestPair,sorted,1000,1,20361003,222500,10,22650,0,975,1099
MergeSort,sorted,1000,1,20361003,10500,7,3956,0,127,0
QuickSort,sorted,1000,1,20361003,37000,6,10925,5744,209,0
ClosestPair,sorted,1000,2,20361004,242600,10,22811,0,975,1117
MergeSort,sorted,1000,2,20361004,17600,7,3956,0,127,0
QuickSort,sorted,1000,2,20361004,38100,6,11351,6132,196,0
DeterministicSelect,sorted,1000,2,20361004,16400,8,5528,2947,70,0
MergeSort,sorted,1000,3,20361005,11700,7,3956,0,127,0
QuickSort,sorted,1000,3,20361005,42500,6,12985,6690,192,0
DeterministicSelect,sorted,1000,3,20361005,17900,8,5528,2947,70,0
ClosestPair,sorted,1000,3,20361005,666200,10,22636,0,975,1112
QuickSort,sorted,1000,4,20361006,38500,6,11034,5808,200,0
DeterministicSelect,sorted,1000,4,20361006,16100,8,5528,2947,70,0
ClosestPair,sorted,1000,4,20361006,742500,10,22998,0,975,1130
MergeSort,sorted,1000,4,20361006,13600,7,3956,0,127,0
DeterministicSelect,sorted,1000,5,20361007,16700,8,5528,2947,70,0
ClosestPair,sorted,1000,5,20361007,620500,10,22872,0,975,1131
MergeSort,sorted,1000,5,20361007,12200,7,3956,0,127,0
QuickSort,sorted,1000,5,20361007,39400,6,11588,5730,212,0
ClosestPair,reverse,1000,1,20361003,337900,10,22650,0,975,1099
MergeSort,reverse,1000,1,20361003,19900,7,10300,0,127,0
QuickSort,reverse,1000,1,20361003,59700,6,11324,6570,204,0
DeterministicSelect,reverse,1000,1,20361003,21700,9,7793,3196,78,0
MergeSort,reverse,1000,2,20361004,94400,7,10300,0,127,0
QuickSort,reverse,1000,2,20361004,47700,6,12333,5816,199,0
DeterministicSelect,reverse,1000,2,20361004,21100,9,7793,3196,78,0
ClosestPair,reverse,1000,2,20361004,193800,10,22811,0,975,1117
QuickSort,reverse,1000,3,20361005,43700,6,12882,8200,198,0
DeterministicSelect,reverse,1000,3,20361005,20400,9,7793,3196,78,0
ClosestPair,reverse,1000,3,20361005,176900,10,22636,0,975,1112
MergeSort,reverse,1000,3,20361005,19700,7,10300,0,127,0
DeterministicSelect,reverse,1000,4,20361006,21400,9,7793,3196,78,0
ClosestPair,reverse,1000,4,20361006,190300,10,22998,0,975,1130
MergeSort,reverse,1000,4,20361006,21600,7,10300,0,127,0
QuickSort,reverse,1000,4,20361006,50400,6,10879,5860,198,0
ClosestPair,reverse,1000,5,20361007,186900,10,22872,0,975,1131
MergeSort,reverse,1000,5,20361007,19200,7,10300,0,127,0
QuickSort,reverse,1000,5,20361007,40200,6,11430,6240,198,0
DeterministicSelect,reverse,1000,5,20361007,21800,9,7793,3196,78,0
MergeSort,duplicates,1000,1,20361003,26800,7,9660,0,127,0
QuickSort,duplicates,1000,1,20361003,13700,2,2765,1758,3,0
DeterministicSelect,duplicates,1000,1,20361003,14500,5,3051,1197,5,0
ClosestPair,duplicates,1000,1,20361003,457000,10,34281,0,975,536
QuickSort,duplicates,1000,2,20361004,14700,2,3397,2388,3,0
DeterministicSelect,duplicates,1000,2,20361004,16500,5,3060,1241,5,0
ClosestPair,duplicates,1000,2,20361004,565400,10,34101,0,975,536
MergeSort,duplicates,1000,2,20361004,29700,7,9702,0,127,0
DeterministicSelect,duplicates,1000,3,20361005,16500,5,3084,1186,5,0
ClosestPair,duplicates,1000,3,20361005,576600,10,33923,0,975,536
MergeSort,duplicates,1000,3,20361005,29600,7,9708,0,127,0
QuickSort,duplicates,1000,3,20361005,15700,2,2740,1735,3,0
ClosestPair,duplicates,1000,4,20361006,453700,10,34142,0,975,536
MergeSort,duplicates,1000,4,20361006,31200,7,9763,0,127,0
QuickSort,duplicates,1000,4,20361006,16200,2,2750,1736,3,0
DeterministicSelect,duplicates,1000,4,20361006,16600,5,3071,1256,6,0
MergeSort,duplicates,1000,5,20361007,26800,7,9660,0,127,0
QuickSort,duplicates,1000,5,20361007,13600,3,2853,1846,3,0
DeterministicSelect,duplicates,1000,5,20361007,14600,5,3093,1176,5,0
ClosestPair,duplicates,1000,5,20361007,626000,10,34302,0,975,536
DeterministicSelect,random,10000,1,21270003,402200,12,81876,34816,331,0
ClosestPair,random,10000,1,21270003,5699900,13,413747,0,8191,12969
MergeSort,random,10000,1,21270003,522300,10,143123,0,1023,0
QuickSort,random,10000,1,21270003,715500,8,158850,116694,2002,0
ClosestPair,random,10000,2,21270004,6750100,13,414093,0,8191,13028
MergeSort,random,10000,2,21270004,512100,10,143716,0,1023,0
QuickSort,random,10000,2,21270004,825800,9,165711,118552,1970,0
DeterministicSelect,random,10000,2,21270004,455000,11,81402,34471,337,0
MergeSort,random,10000,3,21270005,498000,10,143337,0,1023,0
QuickSort,random,10000,3,21270005,707200,8,154308,105224,2005,0
DeterministicSelect,random,10000,3,21270005,411100,12,81840,34546,359,0
ClosestPair,random,10000,3,21270005,5218400,13,413979,0,8191,12937
QuickSort,random,10000,4,21270006,947400,9,166205,112759,2012,0
DeterministicSelect,random,10000,4,21270006,377700,11,79973,33901,289,0
ClosestPair,random,10000,4,21270006,5876600,13,413532,0,8191,12953
MergeSort,random,10000,4,21270006,518500,10,143605,0,1023,0
DeterministicSelect,random,10000,5,21270007,301500,12,82044,34711,359,0
ClosestPair,random,10000,5,21270007,5058500,13,414665,0,8191,13017
MergeSort,random,10000,5,21270007,494800,10,143492,0,1023,0
QuickSort,random,10000,5,21270007,741700,8,167037,116966,1985,0
ClosestPair,sorted,10000,1,21270003,1865900,13,303409,0,8191,12969
MergeSort,sorted,10000,1,21270003,121400,10,54640,0,1023,0
QuickSort,sorted,10000,1,21270003,400200,8,177587,90562,2015,0
DeterministicSelect,sorted,10000,1,21270003,132500,12,58488,31104,256,0
MergeSort,sorted,10000,2,21270004,158700,10,54640,0,1023,0
QuickSort,sorted,10000,2,21270004,379600,8,155877,85440,1999,0
DeterministicSelect,sorted,10000,2,21270004,126400,12,58488,31104,256,0
ClosestPair,sorted,10000,2,21270004,2333800,13,303697,0,8191,13028
QuickSort,sorted,10000,3,21270005,393300,10,155176,82536,2006,0
DeterministicSelect,sorted,10000,3,21270005,414200,12,58488,31104,256,0
ClosestPair,sorted,10000,3,21270005,1869100,13,303583,0,8191,12937
MergeSort,sorted,10000,3,21270005,119500,10,54640,0,1023,0
DeterministicSelect,sorted,10000,4,21270006,120500,12,58488,31104,256,0
ClosestPair,sorted,10000,4,21270006,2107200,13,303074,0,8191,12953
MergeSort,sorted,10000,4,21270006,118900,10,54640,0,1023,0
QuickSort,sorted,10000,4,21270006,391600,8,162449,89012,1978,0
ClosestPair,sorted,10000,5,21270007,1772100,13,304332,0,8191,13017
MergeSort,sorted,10000,5,21270007,117100,10,54640,0,1023,0
QuickSort,sorted,10000,5,21270007,368300,9,167198,79210,2012,0
DeterministicSelect,sorted,10000,5,21270007,119300,12,58488,31104,256,0
MergeSort,reverse,10000,1,21270003,246000,10,137568,0,1023,0
QuickSort,reverse,10000,1,21270003,373600,8,172384,94566,1985,0
DeterministicSelect,reverse,10000,1,21270003,164800,12,83617,34914,363,0
ClosestPair,reverse,10000,1,21270003,1730500,13,303409,0,8191,12969
QuickSort,reverse,10000,2,21270004,379200,8,157592,87820,2026,0
DeterministicSelect,reverse,10000,2,21270004,177000,12,83617,34914,363,0
ClosestPair,reverse,10000,2,21270004,2065100,13,303697,0,8191,13028
MergeSort,reverse,10000,2,21270004,228900,10,137568,0,1023,0
DeterministicSelect,reverse,10000,3,21270005,176100,12,83617,34914,363,0
ClosestPair,reverse,10000,3,21270005,1779600,13,303583,0,8191,12937
MergeSort,reverse,10000,3,21270005,225800,10,137568,0,1023,0
QuickSort,reverse,10000,3,21270005,366100,10,153833,81390,1987,0
ClosestPair,reverse,10000,4,21270006,2029300,13,303074,0,8191,12953
MergeSort,reverse,10000,4,21270006,234100,10,137568,0,1023,0
QuickSort,reverse,10000,4,21270006,402900,8,171007,85718,1979,0
DeterministicSelect,reverse,10000,4,21270006,275600,12,83617,34914,363,0
MergeSort,reverse,10000,5,21270007,328400,10,137568,0,1023,0
QuickSort,reverse,10000,5,21270007,525000,8,186847,115964,1988,0
DeterministicSelect,reverse,10000,5,21270007,178500,12,83617,34914,363,0
ClosestPair,reverse,10000,5,21270007,1936000,13,304332,0,8191,13017
QuickSort,duplicates,10000,1,21270003,115100,2,36444,26440,3,0
DeterministicSelect,duplicates,10000,1,21270003,250300,8,55007,20677,28,0
ClosestPair,duplicates,10000,1,21270003,3738100,13,426298,0,8191,7712
MergeSort,duplicates,10000,1,21270003,284100,10,133608,0,1023,0
DeterministicSelect,duplicates,10000,2,21270004,154600,6,30665,12467,6,0
ClosestPair,duplicates,10000,2,21270004,3994400,13,427751,0,8191,7712
MergeSort,duplicates,10000,2,21270004,284500,10,132968,0,1023,0
QuickSort,duplicates,10000,2,21270004,111300,2,28745,18740,3,0
ClosestPair,duplicates,10000,3,21270005,3462000,13,428050,0,8191,7712
MergeSort,duplicates,10000,3,21270005,283200,10,133131,0,1023,0
QuickSort,duplicates,10000,3,21270005,102300,2,28775,18773,4,0
DeterministicSelect,duplicates,10000,3,21270005,233500,8,54888,19928,22,0
MergeSort,duplicates,10000,4,21270006,297100,10,134025,0,1023,0
QuickSort,duplicates,10000,4,21270006,117200,2,28856,18847,3,0
DeterministicSelect,duplicates,10000,4,21270006,167300,6,30596,11938,6,0
ClosestPair,duplicates,10000,4,21270006,3342600,13,427220,0,8191,7712
QuickSort,duplicates,10000,5,21270007,126100,2,27602,17601,3,0
DeterministicSelect,duplicates,10000,5,21270007,134000,6,30634,11909,6,0
ClosestPair,duplicates,10000,5,21270007,3326400,13,425589,0,8191,7712
MergeSort,duplicates,10000,5,21270007,282900,10,133173,0,1023,0
ClosestPair,random,100000,1,30360003,44516300,17,5202442,0,68927,142595
MergeSort,random,100000,1,30360003,6297200,14,1766308,0,11583,0
QuickSort,random,100000,1,30360003,8336600,12,1978031,1401550,19998,0
DeterministicSelect,random,100000,1,30360003,3061000,15,832670,357317,1523,0
MergeSort,random,100000,2,30360004,6078300,14,1764910,0,11583,0
QuickSort,random,100000,2,30360004,8045100,11,2026566,1464245,19979,0
DeterministicSelect,random,100000,2,30360004,2772100,15,832945,355293,1420,0
ClosestPair,random,100000,2,30360004,47530700,17,5204983,0,68927,142434
QuickSort,random,100000,3,30360005,8481100,11,2098179,1512891,20014,0
DeterministicSelect,random,100000,3,30360005,3231200,16,858564,366243,1477,0
ClosestPair,random,100000,3,30360005,44477700,17,5204619,0,68927,142607
MergeSort,random,100000,3,30360005,6099500,14,1764879,0,11583,0
DeterministicSelect,random,100000,4,30360006,2814800,16,857466,366687,1529,0
ClosestPair,random,100000,4,30360006,48531700,17,5205368,0,68927,142576
MergeSort,random,100000,4,30360006,6181300,14,1765617,0,11583,0
QuickSort,random,100000,4,30360006,8560100,11,2103140,1549582,19974,0
ClosestPair,random,100000,5,30360007,46658900,17,5203232,0,68927,142702
MergeSort,random,100000,5,30360007,6009300,14,1764398,0,11583,0
QuickSort,random,100000,5,30360007,8170200,11,2036448,1465745,20060,0
DeterministicSelect,random,100000,5,30360007,2946300,15,831036,355573,1393,0
MergeSort,sorted,100000,1,30360003,1426100,14,717616,0,11583,0
QuickSort,sorted,100000,1,30360003,4218400,11,2024395,1139448,20053,0
DeterministicSelect,sorted,100000,1,30360003,1291700,16,597926,317156,972,0
ClosestPair,sorted,100000,1,30360003,24244700,17,3767636,0,68927,142595
QuickSort,sorted,100000,2,30360004,4215200,11,2028243,1053942,20064,0
DeterministicSelect,sorted,100000,2,30360004,1079200,16,597926,317156,972,0
ClosestPair,sorted,100000,2,30360004,23865000,17,3770247,0,68927,142434
MergeSort,sorted,100000,2,30360004,1475200,14,717616,0,11583,0
DeterministicSelect,sorted,100000,3,30360005,1077500,16,597926,317156,972,0
ClosestPair,sorted,100000,3,30360005,23240000,17,3769812,0,68927,142607
MergeSort,sorted,100000,3,30360005,1638100,14,717616,0,11583,0
QuickSort,sorted,100000,3,30360005,4416700,11,2055346,1110478,19919,0
ClosestPair,sorted,100000,4,30360006,22559500,17,3770477,0,68927,142576
MergeSort,sorted,100000,4,30360006,1754200,14,717616,0,11583,0
QuickSort,sorted,100000,4,30360006,4125000,10,2068903,1129715,20059,0
DeterministicSelect,sorted,100000,4,30360006,1085600,16,597926,317156,972,0
MergeSort,sorted,100000,5,30360007,1448500,14,717616,0,11583,0
QuickSort,sorted,100000,5,30360007,4159700,10,2107485,1116464,20042,0
DeterministicSelect,sorted,100000,5,30360007,1105000,16,597926,317156,972,0
ClosestPair,sorted,100000,5,30360007,22689900,17,3768699,0,68927,142702
QuickSort,reverse,100000,1,30360003,4281900,11,2057291,1065238,19992,0
DeterministicSelect,reverse,100000,1,30360003,1513900,16,851693,358020,1484,0
ClosestPair,reverse,100000,1,30360003,23649700,17,3767636,0,68927,142595
MergeSort,reverse,100000,1,30360003,2661000,14,1525616,0,11583,0
DeterministicSelect,reverse,100000,2,30360004,1474600,16,851693,358020,1484,0
ClosestPair,reverse,100000,2,30360004,21986900,17,3770247,0,68927,142434
MergeSort,reverse,100000,2,30360004,2429100,14,1525616,0,11583,0
QuickSort,reverse,100000,2,30360004,4127600,11,2086971,1110479,19918,0
ClosestPair,reverse,100000,3,30360005,24990300,17,3769812,0,68927,142607
MergeSort,reverse,100000,3,30360005,2571800,14,1525616,0,11583,0
QuickSort,reverse,100000,3,30360005,4116400,10,2127023,1153424,19934,0
DeterministicSelect,reverse,100000,3,30360005,1674300,16,851693,358020,1484,0
MergeSort,reverse,100000,4,30360006,2830900,14,1525617,0,11583,0
QuickSort,reverse,100000,4,30360006,4247300,10,2095719,1069935,20035,0
DeterministicSelect,reverse,100000,4,30360006,1484900,16,851693,358020,1484,0
ClosestPair,reverse,100000,4,30360006,22339400,17,3770477,0,68927,142576
QuickSort,reverse,100000,5,30360007,4461900,11,2061624,1086590,19945,0
DeterministicSelect,reverse,100000,5,30360007,1463100,16,851693,358020,1484,0
ClosestPair,reverse,100000,5,30360007,23561600,17,3768699,0,68927,142702
MergeSort,reverse,100000,5,30360007,2604700,14,1525616,0,11583,0
DeterministicSelect,duplicates,100000,1,30360003,2233600,9,555916,199504,33,0
ClosestPair,duplicates,100000,1,30360003,36292400,17,4984893,0,68927,96608
MergeSort,duplicates,100000,1,30360003,3129500,14,1643890,0,11583,0
QuickSort,duplicates,100000,1,30360003,1036800,2,324696,224681,3,0
ClosestPair,duplicates,100000,2,30360004,36727600,17,4992547,0,68927,96608
MergeSort,duplicates,100000,2,30360004,3381100,14,1644608,0,11583,0
QuickSort,duplicates,100000,2,30360004,1003600,2,325593,225569,3,0
DeterministicSelect,duplicates,100000,2,30360004,1251100,8,306807,124887,9,0
MergeSort,duplicates,100000,3,30360005,3291800,14,1645080,0,11583,0
QuickSort,duplicates,100000,3,30360005,1156800,2,349684,249673,2,0
DeterministicSelect,duplicates,100000,3,30360005,1215100,8,312090,119923,13,0
ClosestPair,duplicates,100000,3,30360005,36199100,17,4946002,0,68927,96608
QuickSort,duplicates,100000,4,30360006,1013300,2,299577,199570,3,0
DeterministicSelect,duplicates,100000,4,30360006,1268200,8,308092,124918,14,0
ClosestPair,duplicates,100000,4,30360006,36866200,17,4995281,0,68927,96608
MergeSort,duplicates,100000,4,30360006,3334200,14,1645154,0,11583,0
DeterministicSelect,duplicates,100000,5,30360007,1395900,8,306692,118300,11,0
ClosestPair,duplicates,100000,5,30360007,36737900,17,5007246,0,68927,96608
MergeSort,duplicates,100000,5,30360007,3086400,14,1644016,0,11583,0
QuickSort,duplicates,100000,5,30360007,1215400,3,312940,212935,4,0
